NodeCount,iniTempError,iniPressError,optTempError,optPressError
2000,157.326,31.0153,29.1921,2.83366
4000,2639.89,516.208,28.86,2.87845
6000,12940.6,516.535,29.1268,2.85846
8000,1119.68,375.156,28.8591,2.89178
10000,547.404,31.9962,28.7747,2.88496
